onset	duration	trial_type	value	sample
76.59603	0.09999847412109375	Fixation	1	76551
77.09632411764706	0.100006103515625	ISI Onset	3	77051
77.6666594117647	0.100006103515625	Go Cue	2	77621
78.8383482352941	0.09999847412109375	Response	4	78792
82.88672823529411	0.09999847412109375	Fixation	1	82838
83.48708117647058	0.09999847412109375	ISI Onset	3	83438
83.90632764705882	0.09999847412109375	Go Cue	2	83857
84.98296058823529	0.09999847412109375	Response	4	84933
89.12639647058823	0.09999847412109375	Fixation	1	89074
89.62669058823529	0.09999847412109375	ISI Onset	3	89574
89.94487764705882	0.09999847412109375	Go Cue	2	89892
90.81138705882353	0.09999847412109375	Response	4	90758
95.16694764705882	0.09999847412109375	Fixation	1	95111
95.8673594117647	0.09999847412109375	ISI Onset	3	95811
96.37265647058823	0.09999847412109375	Go Cue	2	96316
97.1591188235294	0.09999847412109375	Response	4	97102
101.59072411764706	0.100006103515625	Fixation	1	101531
102.19107705882352	0.09999847412109375	ISI Onset	3	102131
102.9105	0.09999847412109375	Go Cue	2	102850
104.11020529411763	0.09999847412109375	Response	4	104049
108.1475788235294	0.100006103515625	Fixation	1	108084
108.44775529411764	0.09999847412109375	ISI Onset	3	108384
108.95005058823529	0.09999847412109375	Go Cue	2	108886
109.57341705882352	0.09999847412109375	Response	4	109509
114.17111999999999	0.09999847412109375	Fixation	1	114104
114.47129647058823	0.09999847412109375	ISI Onset	3	114404
115.09066058823528	0.09999847412109375	Go Cue	2	115023
115.98318529411763	0.09999847412109375	Response	4	115915
120.3277394117647	0.100006103515625	Fixation	1	120257
120.82803352941175	0.09999847412109375	ISI Onset	3	120757
121.43138823529411	0.09999847412109375	Go Cue	2	121360
122.14280647058823	0.09999847412109375	Response	4	122071
126.65145705882352	0.09999847412109375	Fixation	1	126577
127.3518688235294	0.09999847412109375	ISI Onset	3	127277
127.85416411764704	0.09999847412109375	Go Cue	2	127779
128.7787076470588	0.100006103515625	Response	4	128703
133.07523352941175	0.0999908447265625	Fixation	1	132997
133.37541	0.0999908447265625	ISI Onset	3	133297
133.97776411764704	0.0999908447265625	Go Cue	2	133899
134.5671105882353	0.100006103515625	Response	4	134488
139.19783294117647	0.100006103515625	Fixation	1	139116
139.69812705882353	0.100006103515625	ISI Onset	3	139616
140.00030470588234	0.100006103515625	Go Cue	2	139918
141.05492470588234	0.0999908447265625	Response	4	140972
145.22137411764706	0.100006103515625	Fixation	1	145136
145.92178588235294	0.100006103515625	ISI Onset	3	145836
146.42408117647057	0.0999908447265625	Go Cue	2	146338
147.80889529411763	0.0999908447265625	Response	4	147722
151.66216058823528	0.100006103515625	Fixation	1	151573
152.06239588235292	0.100006103515625	ISI Onset	3	151973
152.7648088235294	0.0999908447265625	Go Cue	2	152675
154.0065388235294	0.0999908447265625	Response	4	153916
158.00188764705882	0.0999908447265625	Fixation	1	157909
158.40212294117646	0.0999908447265625	ISI Onset	3	158309
158.68929176470587	0.100006103515625	Go Cue	2	158596
159.2946476470588	0.100006103515625	Response	4	159201
163.92537	0.100006103515625	Fixation	1	163829
164.22554647058823	0.100006103515625	ISI Onset	3	164129
164.80989	0.100006103515625	Go Cue	2	164713
165.43225588235293	0.100006103515625	Response	4	165335
170.04897	0.100006103515625	Fixation	1	169949
170.74938176470587	0.100006103515625	ISI Onset	3	170649
171.33472588235293	0.0999908447265625	Go Cue	2	171234
172.11818647058823	0.100006103515625	Response	4	172017
176.57280529411764	0.100006103515625	Fixation	1	176469
177.0730994117647	0.0999908447265625	ISI Onset	3	176969
177.75850235294115	0.100006103515625	Go Cue	2	177654
178.7030576470588	0.0999908447265625	Response	4	178598
182.99658176470587	0.100006103515625	Fixation	1	182889
183.69699352941174	0.100006103515625	ISI Onset	3	183589
184.38239647058822	0.0999908447265625	Go Cue	2	184274
185.3699770588235	0.0999908447265625	Response	4	185261
189.62047588235293	0.0999908447265625	Fixation	1	189509
190.02071117647057	0.100006103515625	ISI Onset	3	189909
190.4059376470588	0.0999908447265625	Go Cue	2	190294
191.13136411764705	0.100006103515625	Response	4	191019
195.6430164705882	0.0999908447265625	Fixation	1	195528
196.14331058823527	0.100006103515625	ISI Onset	3	196028
196.5305382352941	0.100006103515625	Go Cue	2	196415
197.49010235294116	0.100006103515625	Response	4	197374
201.76661647058822	0.100006103515625	Fixation	1	201648
202.16685176470585	0.0999908447265625	ISI Onset	3	202048
202.5530788235294	0.0999908447265625	Go Cue	2	202434
203.98792235294115	0.100006103515625	Response	4	203868
207.7901576470588	0.0999908447265625	Fixation	1	207668
208.09033411764705	0.100006103515625	ISI Onset	3	207968
208.6766788235294	0.0999908447265625	Go Cue	2	208554
209.70228176470587	0.0999908447265625	Response	4	209579
213.91375764705882	0.100006103515625	Fixation	1	213788
214.51411058823527	0.0999908447265625	ISI Onset	3	214388
214.91534647058822	0.100006103515625	Go Cue	2	214789
216.00999	0.0999908447265625	Response	4	215883
220.15342588235293	0.100006103515625	Fixation	1	220024
220.55366117647057	0.0999908447265625	ISI Onset	3	220424
221.03894647058823	0.100006103515625	Go Cue	2	220909
222.16160647058823	0.100006103515625	Response	4	222031
226.27702588235292	0.100006103515625	Fixation	1	226144
226.67726117647058	0.100006103515625	ISI Onset	3	226544
226.96342941176468	0.100006103515625	Go Cue	2	226830
228.05206941176468	0.100006103515625	Response	4	227918
232.2005082352941	0.0999908447265625	Fixation	1	232064
232.80086117647056	0.100006103515625	ISI Onset	3	232664
233.0860288235294	0.100006103515625	Go Cue	2	232949
233.9335270588235	0.0999908447265625	Response	4	233796
238.3231076470588	0.100006103515625	Fixation	1	238183
238.9234605882353	0.100006103515625	ISI Onset	3	238783
239.3096876470588	0.0999908447265625	Go Cue	2	239169
240.10515529411762	0.100006103515625	Response	4	239964
244.5467664705882	0.0999908447265625	Fixation	1	244403
245.2471782352941	0.100006103515625	ISI Onset	3	245103
245.53234588235293	0.0999908447265625	Go Cue	2	245388
246.61798411764704	0.100006103515625	Response	4	246473
250.77042529411762	0.0999908447265625	Fixation	1	250623
251.17066058823528	0.100006103515625	ISI Onset	3	251023
251.6579470588235	0.100006103515625	Go Cue	2	251510
252.48343235294115	0.100006103515625	Response	4	252335
256.8940252941176	0.100006103515625	Fixation	1	256743
257.4943782352941	0.100006103515625	ISI Onset	3	257343
257.88060529411763	0.0999755859375	Go Cue	2	257729
258.86618470588235	0.100006103515625	Response	4	258714
263.11768411764706	0.100006103515625	Fixation	1	262963
263.41786058823527	0.100006103515625	ISI Onset	3	263263
264.1032635294117	0.100006103515625	Go Cue	2	263948
264.8597082352941	0.100006103515625	Response	4	264704
269.34034235294115	0.100006103515625	Fixation	1	269182
269.7405776470588	0.100006103515625	ISI Onset	3	269582
270.44199	0.100006103515625	Go Cue	2	270283
271.27648058823524	0.100006103515625	Response	4	271117
275.68107	0.100006103515625	Fixation	1	275519
276.18136411764704	0.100006103515625	ISI Onset	3	276019
276.8677676470588	0.100006103515625	Go Cue	2	276705
277.6632352941176	0.100006103515625	Response	4	277500
282.1048464705882	0.0999755859375	Fixation	1	281939
282.7051994117647	0.100006103515625	ISI Onset	3	282539
283.39060235294113	0.100006103515625	Go Cue	2	283224
284.17406294117643	0.0999755859375	Response	4	284007
288.6446911764706	0.100006103515625	Fixation	1	288475
289.245044117647	0.0999755859375	ISI Onset	3	289075
289.7133194117647	0.100006103515625	Go Cue	2	289543
290.52079411764703	0.100006103515625	Response	4	290350
294.9523994117647	0.100006103515625	Fixation	1	294779
295.2525758823529	0.100006103515625	ISI Onset	3	295079
295.9369782352941	0.100006103515625	Go Cue	2	295763
296.83150411764706	0.100006103515625	Response	4	296657
301.1760582352941	0.100006103515625	Fixation	1	300999
301.87647	0.100006103515625	ISI Onset	3	301699
302.461814117647	0.100006103515625	Go Cue	2	302284
303.2002482352941	0.100006103515625	Response	4	303022
307.69889294117644	0.100006103515625	Fixation	1	307518
308.2992458823529	0.0999755859375	ISI Onset	3	308118
308.98464882352937	0.100006103515625	Go Cue	2	308803
309.96622588235294	0.100006103515625	Response	4	309784
314.2227282352941	0.100006103515625	Fixation	1	314038
314.6229635294117	0.100006103515625	ISI Onset	3	314438
315.00919058823524	0.100006103515625	Go Cue	2	314824
315.76163294117646	0.100006103515625	Response	4	315576
320.2462694117647	0.100006103515625	Fixation	1	320058
320.9466811764706	0.100006103515625	ISI Onset	3	320758
321.6330847058823	0.100006103515625	Go Cue	2	321444
322.2674576470588	0.100006103515625	Response	4	322078
326.87016352941174	0.0999755859375	Fixation	1	326678
327.3704576470588	0.100006103515625	ISI Onset	3	327178
327.9558017647059	0.100006103515625	Go Cue	2	327763
328.7822876470588	0.100006103515625	Response	4	328589
333.21089117647057	0.100006103515625	Fixation	1	333015
333.9113029411764	0.0999755859375	ISI Onset	3	333715
334.1974711764706	0.100006103515625	Go Cue	2	334001
335.02095529411764	0.0999755859375	Response	4	334824
339.4505594117647	0.100006103515625	Fixation	1	339251
340.05091235294117	0.100006103515625	ISI Onset	3	339851
340.33608	0.0999755859375	Go Cue	2	340136
341.11153588235294	0.100006103515625	Response	4	340911
345.59116941176467	0.100006103515625	Fixation	1	345388
346.19152235294115	0.100006103515625	ISI Onset	3	345988
346.8769252941176	0.100006103515625	Go Cue	2	346673
347.82248117647055	0.100006103515625	Response	4	347618
352.13101411764706	0.100006103515625	Fixation	1	351924
352.7313670588235	0.100006103515625	ISI Onset	3	352524
353.10058411764703	0.100006103515625	Go Cue	2	352893
354.1181823529412	0.0999755859375	Response	4	353910
358.35467294117643	0.100006103515625	Fixation	1	358144
358.8549670588235	0.0999755859375	ISI Onset	3	358644
359.3382511764706	0.100006103515625	Go Cue	2	359127
360.1217117647059	0.100006103515625	Response	4	359910
364.59534176470584	0.100006103515625	Fixation	1	364381
364.8955182352941	0.100006103515625	ISI Onset	3	364681
365.1636758823529	0.100006103515625	Go Cue	2	364949
366.0291847058823	0.100006103515625	Response	4	365814
370.41776470588235	0.100006103515625	Fixation	1	370200
370.71794117647056	0.100006103515625	ISI Onset	3	370500
371.3883352941176	0.100006103515625	Go Cue	2	371170
372.2418370588235	0.0999755859375	Response	4	372023
376.6414235294117	0.100006103515625	Fixation	1	376420
376.9416	0.100006103515625	ISI Onset	3	376720
377.62700294117644	0.0999755859375	Go Cue	2	377405
378.48850941176465	0.100006103515625	Response	4	378266
382.88209235294113	0.100006103515625	Fixation	1	382657
383.1822688235294	0.0999755859375	ISI Onset	3	382957
383.85166235294116	0.100006103515625	Go Cue	2	383626
384.6581364705882	0.100006103515625	Response	4	384432
389.12176058823525	0.100006103515625	Fixation	1	388893
389.4219370588235	0.100006103515625	ISI Onset	3	389193
389.7081052941176	0.100006103515625	Go Cue	2	389479
390.56761058823525	0.100006103515625	Response	4	390338
394.96119352941173	0.100006103515625	Fixation	1	394729
395.4614876470588	0.100006103515625	ISI Onset	3	395229
396.03082235294113	0.100006103515625	Go Cue	2	395798
397.3495976470588	0.0999755859375	Response	4	397116
401.28491117647053	0.100006103515625	Fixation	1	401049
401.6851464705882	0.100006103515625	ISI Onset	3	401449
402.37054941176467	0.100006103515625	Go Cue	2	402134
403.36813588235293	0.100006103515625	Response	4	403131
407.62563882352936	0.100006103515625	Fixation	1	407386
407.9258152941176	0.100006103515625	ISI Onset	3	407686
408.61321941176465	0.100006103515625	Go Cue	2	408373
409.6468270588235	0.100006103515625	Response	4	409406
413.8653070588235	0.100006103515625	Fixation	1	413622
414.26554235294117	0.100006103515625	ISI Onset	3	414022
414.55171058823527	0.100006103515625	Go Cue	2	414308
415.2711335294117	0.0999755859375	Response	4	415027
419.80579941176467	0.100006103515625	Fixation	1	419559
420.3060935294117	0.100006103515625	ISI Onset	3	420059
420.79438058823524	0.100006103515625	Go Cue	2	420547
421.8900247058823	0.100006103515625	Response	4	421642
426.0454676470588	0.100006103515625	Fixation	1	425795
426.7458794117647	0.100006103515625	ISI Onset	3	426495
427.2311647058823	0.100006103515625	Go Cue	2	426980
428.0616529411764	0.100006103515625	Response	4	427810
432.48625411764704	0.0999755859375	Fixation	1	432232
432.78643058823525	0.100006103515625	ISI Onset	3	432532
433.37177470588233	0.100006103515625	Go Cue	2	433117
434.1422276470588	0.0999755859375	Response	4	433887
438.62586352941173	0.100006103515625	Fixation	1	438368
438.92603999999994	0.100006103515625	ISI Onset	3	438668
439.3122670588235	0.100006103515625	Go Cue	2	439054
440.0767164705882	0.100006103515625	Response	4	439818
444.5663558823529	0.100006103515625	Fixation	1	444305
444.96659117647056	0.100006103515625	ISI Onset	3	444705
445.6509935294117	0.100006103515625	Go Cue	2	445389
446.3474029411764	0.0999755859375	Response	4	446085
450.9060829411764	0.0999755859375	Fixation	1	450641
451.40637705882347	0.100006103515625	ISI Onset	3	451141
451.79260411764704	0.100006103515625	Go Cue	2	451527
452.41597058823527	0.0999755859375	Response	4	452150
457.07971235294116	0.100006103515625	Fixation	1	456811
457.37988882352937	0.100006103515625	ISI Onset	3	457111
457.63203705882347	0.0999755859375	Go Cue	2	457363
458.40749294117643	0.100006103515625	Response	4	458138
462.8861258823529	0.0999755859375	Fixation	1	462614
463.18630235294114	0.100006103515625	ISI Onset	3	462914
463.57252941176466	0.0999755859375	Go Cue	2	463300
464.76422999999994	0.100006103515625	Response	4	464491
468.8596376470588	0.0999755859375	Fixation	1	468584
469.15981411764704	0.100006103515625	ISI Onset	3	468884
469.71313941176464	0.100006103515625	Go Cue	2	469437
470.7797664705882	0.100006103515625	Response	4	470503
474.96622764705876	0.100006103515625	Fixation	1	474687
475.4665217647058	0.100006103515625	ISI Onset	3	475187
475.8347382352941	0.100006103515625	Go Cue	2	475555
476.865344117647	0.0999755859375	Response	4	476585
481.1058370588235	0.100006103515625	Fixation	1	480823
481.80624882352936	0.100006103515625	ISI Onset	3	481523
482.2775258823529	0.100006103515625	Go Cue	2	481994
483.29212235294113	0.100006103515625	Response	4	483008
487.5466235294117	0.100006103515625	Fixation	1	487260
488.2470352941176	0.100006103515625	ISI Onset	3	487960
488.81636999999995	0.100006103515625	Go Cue	2	488529
489.6808782352941	0.100006103515625	Response	4	489393
494.0864682352941	0.100006103515625	Fixation	1	493796
494.58676235294115	0.100006103515625	ISI Onset	3	494296
495.2571564705882	0.0999755859375	Go Cue	2	494966
496.0606288235294	0.0999755859375	Response	4	495769
500.5272547058823	0.100006103515625	Fixation	1	500233
501.0275488235294	0.100006103515625	ISI Onset	3	500733
501.69794294117645	0.100006103515625	Go Cue	2	501403
502.4804029411764	0.100006103515625	Response	4	502185
506.96804117647054	0.100006103515625	Fixation	1	506670
507.66845294117644	0.100006103515625	ISI Onset	3	507370
508.02065999999996	0.100006103515625	Go Cue	2	507722
509.22837	0.100006103515625	Response	4	508929
564.68097	0.0999755859375	Fixation	1	564349
565.3813817647058	0.0999755859375	ISI Onset	3	565049
566.0357664705882	0.0999755859375	Go Cue	2	565703
567.31752	0.10003662109375	Response	4	566984
571.2548347058823	0.10003662109375	Fixation	1	570919
571.8551876470588	0.10003662109375	ISI Onset	3	571519
572.5746105882353	0.10003662109375	Go Cue	2	572238
573.4441217647059	0.10003662109375	Response	4	573107
577.7946794117646	0.0999755859375	Fixation	1	577455
578.3950323529411	0.10003662109375	ISI Onset	3	578055
579.0974452941176	0.0999755859375	Go Cue	2	578757
579.9779629411764	0.0999755859375	Response	4	579637
584.3185147058823	0.0999755859375	Fixation	1	583975
584.9188676470587	0.0999755859375	ISI Onset	3	584575
585.4211629411765	0.10003662109375	Go Cue	2	585077
586.0795499999999	0.10003662109375	Response	4	585735
590.6592423529411	0.0999755859375	Fixation	1	590312
591.0594776470588	0.10003662109375	ISI Onset	3	590712
591.4457047058823	0.10003662109375	Go Cue	2	591098
592.3352276470588	0.10003662109375	Response	4	591987
596.6657735294117	0.0999755859375	Fixation	1	596315
597.1660676470588	0.0999755859375	ISI Onset	3	596815
597.6673623529412	0.0999755859375	Go Cue	2	597316
598.4067970588235	0.0999755859375	Response	4	598055
602.8894323529412	0.10003662109375	Fixation	1	602535
603.589844117647	0.0999755859375	ISI Onset	3	603235
604.0941405882353	0.10003662109375	Go Cue	2	603739
604.8906088235294	0.0999755859375	Response	4	604535
609.3132088235294	0.0999755859375	Fixation	1	608955
609.6133852941176	0.0999755859375	ISI Onset	3	609255
609.917564117647	0.10003662109375	Go Cue	2	609559
610.9861923529411	0.0999755859375	Response	4	610627
615.1356317647059	0.10003662109375	Fixation	1	614774
615.6359258823529	0.0999755859375	ISI Onset	3	615274
616.1372205882352	0.10003662109375	Go Cue	2	615775
616.8296276470588	0.0999755859375	Response	4	616467
621.3592905882352	0.0999755859375	Fixation	1	620994
621.7595258823529	0.0999755859375	ISI Onset	3	621394
622.0627041176471	0.10003662109375	Go Cue	2	621697
622.8981952941176	0.0999755859375	Response	4	622532
627.2827729411764	0.0999755859375	Fixation	1	626914
627.7830670588235	0.0999755859375	ISI Onset	3	627414
628.0852447058824	0.0999755859375	Go Cue	2	627716
628.8586994117646	0.0999755859375	Response	4	628489
633.3223235294117	0.0999755859375	Fixation	1	632950
634.0227352941176	0.10003662109375	ISI Onset	3	633650
634.4079617647059	0.0999755859375	Go Cue	2	634035
635.1333882352941	0.10003662109375	Response	4	634760
639.6290311764706	0.0999755859375	Fixation	1	639253
640.3294429411765	0.0999755859375	ISI Onset	3	639953
640.8337394117647	0.0999755859375	Go Cue	2	640457
641.5461582352941	0.10003662109375	Response	4	641169
646.0698176470588	0.0999755859375	Fixation	1	645690
646.369994117647	0.0999755859375	ISI Onset	3	645990
646.9543376470588	0.0999755859375	Go Cue	2	646574
648.1540429411764	0.0999755859375	Response	4	647773
652.1934176470588	0.0999755859375	Fixation	1	651810
652.8938294117646	0.0999755859375	ISI Onset	3	652510
653.3791147058823	0.10003662109375	Go Cue	2	652995
654.0475076470588	0.10003662109375	Response	4	653663
658.617194117647	0.10003662109375	Fixation	1	658230
658.9173705882353	0.10003662109375	ISI Onset	3	658530
659.3035976470587	0.10003662109375	Go Cue	2	658916
660.1130735294117	0.0999755859375	Response	4	659725
664.5396758823529	0.0999755859375	Fixation	1	664149
664.8398523529411	0.10003662109375	ISI Onset	3	664449
665.3251376470588	0.0999755859375	Go Cue	2	664934
666.1396164705882	0.10003662109375	Response	4	665748
670.5632170588235	0.0999755859375	Fixation	1	670169
670.9634523529411	0.10003662109375	ISI Onset	3	670569
671.6668658823529	0.0999755859375	Go Cue	2	671272
672.3732811764705	0.0999755859375	Response	4	671978
676.9039447058823	0.10003662109375	Fixation	1	676506
677.6043564705882	0.0999755859375	ISI Onset	3	677206
678.1907011764705	0.10003662109375	Go Cue	2	677792
679.1542676470588	0.0999755859375	Response	4	678755
683.42778	0.0999755859375	Fixation	1	683026
684.0281329411764	0.0999755859375	ISI Onset	3	683626
684.7315464705882	0.0999755859375	Go Cue	2	684329
685.3829294117646	0.0999755859375	Response	4	684980
689.9676247058823	0.0999755859375	Fixation	1	689562
690.5679776470588	0.0999755859375	ISI Onset	3	690162
690.9712147058823	0.10003662109375	Go Cue	2	690565
691.7506729411764	0.0999755859375	Response	4	691344
696.2082935294117	0.0999755859375	Fixation	1	695799
696.7085876470587	0.0999755859375	ISI Onset	3	696299
697.1098235294118	0.10003662109375	Go Cue	2	696700
698.420594117647	0.0999755859375	Response	4	698010
702.3479029411765	0.0999755859375	Fixation	1	701935
702.8481970588235	0.0999755859375	ISI Onset	3	702435
703.5336	0.0999755859375	Go Cue	2	703120
704.1669723529411	0.0999755859375	Response	4	703753
708.7716794117647	0.10003662109375	Fixation	1	708355
709.1719147058823	0.0999755859375	ISI Onset	3	708755
709.6602017647058	0.0999755859375	Go Cue	2	709243
710.3726205882352	0.0999755859375	Response	4	709955
714.8952794117647	0.10003662109375	Fixation	1	714475
715.5956911764705	0.0999755859375	ISI Onset	3	715175
715.879858235294	0.0999755859375	Go Cue	2	715459
717.0215294117646	0.0999755859375	Response	4	716600
721.1189382352941	0.0999755859375	Fixation	1	720695
721.6192323529411	0.0999755859375	ISI Onset	3	721195
722.1055182352941	0.0999755859375	Go Cue	2	721681
722.7779135294118	0.10003662109375	Response	4	722353
727.3425970588235	0.10003662109375	Fixation	1	726915
727.7428323529412	0.0999755859375	ISI Onset	3	727315
728.4302364705882	0.0999755859375	Go Cue	2	728002
729.1296476470587	0.10003662109375	Response	4	728701
733.6663147058823	0.0999755859375	Fixation	1	733235
734.1666088235294	0.0999755859375	ISI Onset	3	733735
734.5528358823528	0.0999755859375	Go Cue	2	734121
736.2838535294117	0.0999755859375	Response	4	735851
739.788914117647	0.0999755859375	Fixation	1	739354
740.0890905882352	0.0999755859375	ISI Onset	3	739654
740.5913858823529	0.10003662109375	Go Cue	2	740156
741.2917976470587	0.0999755859375	Response	4	740856
745.8294652941175	0.0999755859375	Fixation	1	745391
746.5298770588234	0.0999755859375	ISI Onset	3	746091
747.1152211764705	0.0999755859375	Go Cue	2	746676
747.9627194117646	0.10003662109375	Response	4	747523
752.3533005882352	0.10003662109375	Fixation	1	751911
752.6534770588235	0.0999755859375	ISI Onset	3	752211
753.3548894117647	0.0999755859375	Go Cue	2	752912
753.9902629411764	0.10003662109375	Response	4	753547
758.5929688235293	0.10003662109375	Fixation	1	758147
758.8931452941176	0.10003662109375	ISI Onset	3	758447
759.1793135294117	0.0999755859375	Go Cue	2	758733
759.8527094117646	0.0999755859375	Response	4	759406
764.4163923529411	0.10003662109375	Fixation	1	763967
764.7165688235293	0.10003662109375	ISI Onset	3	764267
765.3189229411764	0.10003662109375	Go Cue	2	764869
766.4315770588234	0.0999755859375	Response	4	765981
770.5560017647058	0.0999755859375	Fixation	1	770103
771.2564135294117	0.0999755859375	ISI Onset	3	770803
771.8417576470588	0.10003662109375	Go Cue	2	771388
773.1535288235293	0.10003662109375	Response	4	772699
777.0798370588235	0.0999755859375	Fixation	1	776623
777.3800135294117	0.10003662109375	ISI Onset	3	776923
777.9653576470588	0.10003662109375	Go Cue	2	777508
778.6607664705882	0.0999755859375	Response	4	778203
783.2204470588234	0.0999755859375	Fixation	1	782760
783.6206823529411	0.10003662109375	ISI Onset	3	783160
784.3060852941176	0.0999755859375	Go Cue	2	783845
785.0515235294117	0.10003662109375	Response	4	784590
789.543164117647	0.10003662109375	Fixation	1	789079
790.1435170588235	0.10003662109375	ISI Onset	3	789679
790.4456947058823	0.10003662109375	Go Cue	2	789981
791.6854235294117	0.0999755859375	Response	4	791220
795.7167935294117	0.0999755859375	Fixation	1	795249
796.2170876470587	0.0999755859375	ISI Onset	3	795749
796.7844211764706	0.0999755859375	Go Cue	2	796316
797.7609952941176	0.10003662109375	Response	4	797292
802.0405111764705	0.0999755859375	Fixation	1	801569
802.7409229411764	0.10003662109375	ISI Onset	3	802269
803.0100811764705	0.10003662109375	Go Cue	2	802538
804.0807105882352	0.10003662109375	Response	4	803608
808.2471599999999	0.10003662109375	Fixation	1	807772
808.747454117647	0.10003662109375	ISI Onset	3	808272
809.1326805882352	0.0999755859375	Go Cue	2	808657
809.7520447058823	0.0999755859375	Response	4	809276
814.3877699999999	0.10003662109375	Fixation	1	813909
815.0881817647058	0.0999755859375	ISI Onset	3	814609
815.3733494117646	0.0999755859375	Go Cue	2	814894
816.3018952941176	0.10003662109375	Response	4	815822
820.6274382352941	0.0999755859375	Fixation	1	820145
821.2277911764705	0.10003662109375	ISI Onset	3	820745
821.5139594117646	0.0999755859375	Go Cue	2	821031
822.2153717647058	0.0999755859375	Response	4	821732
826.768048235294	0.0999755859375	Fixation	1	826282
827.0682247058822	0.0999755859375	ISI Onset	3	826582
827.3543929411765	0.10003662109375	Go Cue	2	826868
828.1198429411764	0.0999755859375	Response	4	827633
832.6074811764705	0.0999755859375	Fixation	1	832118
833.2078341176469	0.10003662109375	ISI Onset	3	832718
833.7921776470588	0.0999755859375	Go Cue	2	833302
834.6056558823528	0.0999755859375	Response	4	834115
839.0482676470588	0.0999755859375	Fixation	1	838555
839.6486205882352	0.0999755859375	ISI Onset	3	839155
840.318014117647	0.10003662109375	Go Cue	2	839824
841.1865247058823	0.0999755859375	Response	4	840692
845.5721029411764	0.10003662109375	Fixation	1	845075
846.0723970588234	0.10003662109375	ISI Onset	3	845575
846.6597423529411	0.10003662109375	Go Cue	2	846162
847.418188235294	0.0999755859375	Response	4	846920
851.9118299999999	0.10003662109375	Fixation	1	851411
852.6122417647058	0.0999755859375	ISI Onset	3	852111
853.1995870588235	0.0999755859375	Go Cue	2	852698
853.9290158823529	0.0999755859375	Response	4	853427
858.4526752941176	0.0999755859375	Fixation	1	857948
859.1530870588234	0.10003662109375	ISI Onset	3	858648
859.5383135294117	0.0999755859375	Go Cue	2	859033
860.3537929411764	0.0999755859375	Response	4	859848
864.792402352941	0.0999755859375	Fixation	1	864284
865.3927552941176	0.0999755859375	ISI Onset	3	864884
865.9790999999999	0.0999755859375	Go Cue	2	865470
866.6304829411764	0.0999755859375	Response	4	866121
871.2331888235293	0.0999755859375	Fixation	1	870721
871.5333652941176	0.0999755859375	ISI Onset	3	871021
871.9185917647059	0.10003662109375	Go Cue	2	871406
872.5939888235293	0.0999755859375	Response	4	872081
877.2067005882352	0.0999755859375	Fixation	1	876691
877.6069358823529	0.0999755859375	ISI Onset	3	877091
877.859084117647	0.10003662109375	Go Cue	2	877343
878.5594958823528	0.0999755859375	Response	4	878043
883.1131729411763	0.10003662109375	Fixation	1	882594
883.6134670588234	0.0999755859375	ISI Onset	3	883094
884.0987523529411	0.0999755859375	Go Cue	2	883579
885.333478235294	0.0999755859375	Response	4	884813
889.3528411764705	0.0999755859375	Fixation	1	888830
889.8531352941176	0.0999755859375	ISI Onset	3	889330
890.3394211764705	0.0999755859375	Go Cue	2	889816
890.956784117647	0.0999755859375	Response	4	890433
895.5935099999999	0.0999755859375	Fixation	1	895067
895.9937452941176	0.0999755859375	ISI Onset	3	895467
896.6801488235293	0.0999755859375	Go Cue	2	896153
897.5776764705881	0.0999755859375	Response	4	897050
901.9332370588235	0.10003662109375	Fixation	1	901403
902.4335311764705	0.0999755859375	ISI Onset	3	901903
902.7196994117646	0.0999755859375	Go Cue	2	902189
903.6042194117647	0.0999755859375	Response	4	903073
907.973788235294	0.0999755859375	Fixation	1	907440
908.2739647058822	0.0999755859375	ISI Onset	3	907740
908.8593088235293	0.0999755859375	Go Cue	2	908325
909.9589552941176	0.0999755859375	Response	4	909424
914.1133976470587	0.0999755859375	Fixation	1	913576
914.7137505882353	0.0999755859375	ISI Onset	3	914176
915.3010958823529	0.10003662109375	Go Cue	2	914763
915.9774935294117	0.10003662109375	Response	4	915439
920.554184117647	0.0999755859375	Fixation	1	920013
921.054478235294	0.0999755859375	ISI Onset	3	920513
921.3396458823529	0.0999755859375	Go Cue	2	920798
922.0830829411764	0.10003662109375	Response	4	921541
926.5937347058823	0.0999755859375	Fixation	1	926049
926.9939699999999	0.10003662109375	ISI Onset	3	926449
927.6793729411764	0.0999755859375	Go Cue	2	927134
928.4698376470587	0.0999755859375	Response	4	927924
932.9344623529411	0.10003662109375	Fixation	1	932386
933.4347564705881	0.0999755859375	ISI Onset	3	932886
934.1201594117646	0.0999755859375	Go Cue	2	933571
935.2948499999999	0.0999755859375	Response	4	934745
939.3742482352941	0.0999755859375	Fixation	1	938822
939.7744835294117	0.10003662109375	ISI Onset	3	939222
940.1597099999999	0.0999755859375	Go Cue	2	939607
941.0462311764705	0.10003662109375	Response	4	940493
945.4147994117646	0.0999755859375	Fixation	1	944859
946.0151523529411	0.10003662109375	ISI Onset	3	945459
946.4013794117647	0.10003662109375	Go Cue	2	945845
946.987724117647	0.0999755859375	Response	4	946431
951.6544676470587	0.0999755859375	Fixation	1	951095
952.3548794117646	0.10003662109375	ISI Onset	3	951795
952.8421658823529	0.0999755859375	Go Cue	2	952282
953.5936076470588	0.0999755859375	Response	4	953033
958.1112635294116	0.0999755859375	Fixation	1	957548
958.6115576470587	0.0999755859375	ISI Onset	3	958048
959.0828347058823	0.10003662109375	Go Cue	2	958519
960.0063776470588	0.10003662109375	Response	4	959442
964.351932352941	0.0999755859375	Fixation	1	963785
965.052344117647	0.0999755859375	ISI Onset	3	964485
965.4215611764705	0.0999755859375	Go Cue	2	964854
966.5792417647058	0.10003662109375	Response	4	966011
970.6756499999999	0.0999755859375	Fixation	1	970105
971.2760029411764	0.0999755859375	ISI Onset	3	970705
971.8613470588234	0.10003662109375	Go Cue	2	971290
972.6358023529411	0.0999755859375	Response	4	972064
977.1154358823528	0.10003662109375	Fixation	1	976541
977.4156123529411	0.10003662109375	ISI Onset	3	976841
977.7017805882352	0.0999755859375	Go Cue	2	977127
978.4732341176469	0.10003662109375	Response	4	977898
982.9718788235293	0.10003662109375	Fixation	1	982394
983.372114117647	0.0999755859375	ISI Onset	3	982794
984.0415076470588	0.0999755859375	Go Cue	2	983463
984.7699358823529	0.0999755859375	Response	4	984191
989.2955964705882	0.0999755859375	Fixation	1	988714
989.8959494117646	0.10003662109375	ISI Onset	3	989314
990.1821176470587	0.0999755859375	Go Cue	2	989600
991.0566317647058	0.0999755859375	Response	4	990474
995.4522158823529	0.10003662109375	Fixation	1	994867
995.7523923529411	0.10003662109375	ISI Onset	3	995167
996.4217858823529	0.0999755859375	Go Cue	2	995836
997.191238235294	0.10003662109375	Response	4	996605
1051.4471347058823	0.0999755859375	Fixation	1	1050829
1051.7473111764705	0.0999755859375	ISI Onset	3	1051129
1052.1005188235292	0.10009765625	Go Cue	2	1051482
1052.1005188235292	0.10009765625	Response	4	1051482
1059.672970588235	0.0999755859375	Fixation	1	1059050
1060.0732058823528	0.0999755859375	ISI Onset	3	1059450
1060.4754423529412	0.0999755859375	Go Cue	2	1059852
1061.4189970588234	0.10009765625	Response	4	1060795
1068.0488947058823	0.0999755859375	Fixation	1	1067421
1068.6492476470587	0.0999755859375	ISI Onset	3	1068021
1069.1515429411763	0.10009765625	Go Cue	2	1068523
1069.98003	0.10009765625	Response	4	1069351
1076.7249952941177	0.0999755859375	Fixation	1	1076092
1077.2252894117646	0.0999755859375	ISI Onset	3	1076592
1077.8276435294117	0.0999755859375	Go Cue	2	1077194
1078.6411217647058	0.0999755859375	Response	4	1078007
1085.4010958823528	0.0999755859375	Fixation	1	1084763
1086.0014488235292	0.0999755859375	ISI Onset	3	1085363
1086.7038617647058	0.0999755859375	Go Cue	2	1086065
1087.2161629411764	0.0999755859375	Response	4	1086577
1094.277314117647	0.0999755859375	Fixation	1	1093634
1094.777608235294	0.0999755859375	ISI Onset	3	1094134
1095.0797858823528	0.0999755859375	Go Cue	2	1094436
1095.842234117647	0.0999755859375	Response	4	1095198
1102.653238235294	0.10009765625	Fixation	1	1102005
1103.153532352941	0.0999755859375	ISI Onset	3	1102505
1103.6588294117646	0.0999755859375	Go Cue	2	1103010
1104.3722488235294	0.10009765625	Response	4	1103723
1111.22928	0.0999755859375	Fixation	1	1110576
1111.9296917647057	0.0999755859375	ISI Onset	3	1111276
1112.6321047058823	0.0999755859375	Go Cue	2	1111978
1113.3555299999998	0.0999755859375	Response	4	1112701
1120.2055570588234	0.0999755859375	Fixation	1	1119547
1120.8059099999998	0.0999755859375	ISI Onset	3	1120147
1121.309205882353	0.0999755859375	Go Cue	2	1120650
1121.9926076470588	0.10009765625	Response	4	1121333
1128.8816576470588	0.0999755859375	Fixation	1	1128218
1129.181834117647	0.0999755859375	ISI Onset	3	1128518
1129.5840705882351	0.0999755859375	Go Cue	2	1128920
1130.1604094117647	0.0999755859375	Response	4	1129496
1137.1575229411765	0.10009765625	Fixation	1	1136489
1137.8579347058824	0.0999755859375	ISI Onset	3	1137189
1138.3622311764705	0.10009765625	Go Cue	2	1137693
1139.0356270588234	0.0999755859375	Response	4	1138366
1145.933682352941	0.0999755859375	Fixation	1	1145260
1146.2338588235293	0.0999755859375	ISI Onset	3	1145560
1146.7371547058822	0.0999755859375	Go Cue	2	1146063
1147.9148470588234	0.10009765625	Response	4	1147240
1154.309606470588	0.0999755859375	Fixation	1	1153631
1154.7098417647057	0.0999755859375	ISI Onset	3	1154031
1155.3141970588235	0.0999755859375	Go Cue	2	1154635
1155.9815894117646	0.0999755859375	Response	4	1155302
1162.885648235294	0.0999755859375	Fixation	1	1162202
1163.3859423529411	0.0999755859375	ISI Onset	3	1162702
1163.9892970588235	0.10009765625	Go Cue	2	1163305
1164.7107211764705	0.0999755859375	Response	4	1164026
1171.5787588235294	0.0999755859375	Fixation	1	1170890
1171.8789352941176	0.0999755859375	ISI Onset	3	1171190
1172.5633376470587	0.0999755859375	Go Cue	2	1171874
1173.6039494117647	0.0999755859375	Response	4	1172914
1180.1377905882352	0.0999755859375	Fixation	1	1179444
1180.4379670588235	0.0999755859375	ISI Onset	3	1179744
1180.739144117647	0.0999755859375	Go Cue	2	1180045
1182.219014117647	0.0999755859375	Response	4	1181524
1188.3135970588235	0.0999755859375	Fixation	1	1187615
1188.7138323529412	0.0999755859375	ISI Onset	3	1188015
1189.316186470588	0.0999755859375	Go Cue	2	1188617
1189.927545882353	0.10009765625	Response	4	1189228
1196.8896388235294	0.0999755859375	Fixation	1	1196186
1197.3899329411763	0.10009765625	ISI Onset	3	1196686
1197.9912864705882	0.0999755859375	Go Cue	2	1197287
1199.2930517647058	0.0999755859375	Response	4	1198588
1205.5657394117645	0.0999755859375	Fixation	1	1204857
1206.1660923529412	0.0999755859375	ISI Onset	3	1205457
1206.8675047058823	0.0999755859375	Go Cue	2	1206158
1207.96515	0.0999755859375	Response	4	1207255
1214.4419576470586	0.0999755859375	Fixation	1	1213728
1215.1423694117645	0.0999755859375	ISI Onset	3	1214428
1215.544605882353	0.10009765625	Go Cue	2	1214830
1216.654258235294	0.0999755859375	Response	4	1215939
1223.118058235294	0.0999755859375	Fixation	1	1222399
1223.7184111764705	0.0999755859375	ISI Onset	3	1222999
1224.0205888235294	0.0999755859375	Go Cue	2	1223301
1225.1882752941176	0.10009765625	Response	4	1224468
1231.6110511764705	0.0999755859375	Fixation	1	1230887
1232.0112864705882	0.10009765625	ISI Onset	3	1231287
1232.5966305882353	0.0999755859375	Go Cue	2	1231872
1233.481150588235	0.0999755859375	Response	4	1232756
1240.1700829411764	0.10009765625	Fixation	1	1239441
1240.8704947058823	0.0999755859375	ISI Onset	3	1240141
1241.37279	0.0999755859375	Go Cue	2	1240643
1241.9911535294116	0.0999755859375	Response	4	1241261
1248.963252352941	0.0999755859375	Fixation	1	1248229
1249.5636052941175	0.0999755859375	ISI Onset	3	1248829
1249.8487729411763	0.0999755859375	Go Cue	2	1249114
1250.7222864705882	0.0999755859375	Response	4	1249987
1257.4392352941175	0.0999755859375	Fixation	1	1256700
1257.9395294117646	0.0999755859375	ISI Onset	3	1257200
1258.4248147058822	0.0999755859375	Go Cue	2	1257685
1259.3453558823528	0.0999755859375	Response	4	1258605
1266.0152770588234	0.0999755859375	Fixation	1	1265271
1266.7156888235293	0.0999755859375	ISI Onset	3	1265971
1267.4010917647058	0.0999755859375	Go Cue	2	1266656
1268.024458235294	0.10009765625	Response	4	1267279
1274.991554117647	0.0999755859375	Fixation	1	1274242
1275.5919070588234	0.0999755859375	ISI Onset	3	1274842
1276.1782517647057	0.0999755859375	Go Cue	2	1275428
1276.8976747058823	0.0999755859375	Response	4	1276147
1283.7677135294116	0.0999755859375	Fixation	1	1283013
1284.0678899999998	0.0999755859375	ISI Onset	3	1283313
1284.4541170588234	0.0999755859375	Go Cue	2	1283699
1285.3186252941175	0.0999755859375	Response	4	1284563
1292.0435788235293	0.0999755859375	Fixation	1	1291284
1292.3437552941175	0.0999755859375	ISI Onset	3	1291584
1292.8280399999999	0.10009765625	Go Cue	2	1292068
1293.8126188235294	0.0999755859375	Response	4	1293052
1300.4195029411765	0.0999755859375	Fixation	1	1299655
1300.7196794117647	0.0999755859375	ISI Onset	3	1299955
1301.0048470588233	0.0999755859375	Go Cue	2	1300240
1301.8493435294117	0.0999755859375	Response	4	1301084
1308.5953094117647	0.0999755859375	Fixation	1	1307826
1308.895485882353	0.0999755859375	ISI Onset	3	1308126
1309.1806535294118	0.0999755859375	Go Cue	2	1308411
1309.7479870588234	0.0999755859375	Response	4	1308978
1316.771115882353	0.0999755859375	Fixation	1	1315997
1317.2714099999998	0.10009765625	ISI Onset	3	1316497
1317.7566952941174	0.0999755859375	Go Cue	2	1316982
1318.5731752941176	0.10009765625	Response	4	1317798
1325.3471576470588	0.0999755859375	Fixation	1	1324568
1325.7473929411763	0.0999755859375	ISI Onset	3	1324968
1326.0325605882351	0.0999755859375	Go Cue	2	1325253
1326.6499235294116	0.0999755859375	Response	4	1325870
1333.6230229411763	0.0999755859375	Fixation	1	1332839
1334.223375882353	0.0999755859375	ISI Onset	3	1333439
1334.7096617647057	0.0999755859375	Go Cue	2	1333925
1335.3120158823529	0.0999755859375	Response	4	1334527
1342.2991235294116	0.10009765625	Fixation	1	1341510
1342.9995352941175	0.0999755859375	ISI Onset	3	1342210
1343.6859388235293	0.0999755859375	Go Cue	2	1342896
1344.474402352941	0.10009765625	Response	4	1343684
1351.2754005882352	0.0999755859375	Fixation	1	1350481
1351.9758123529411	0.0999755859375	ISI Onset	3	1351181
1352.3620394117645	0.0999755859375	Go Cue	2	1351567
1353.268572352941	0.0999755859375	Response	4	1352473
1359.9515011764704	0.0999755859375	Fixation	1	1359152
1360.551854117647	0.0999755859375	ISI Onset	3	1359752
1361.1361976470587	0.0999755859375	Go Cue	2	1360336
1361.9616829411764	0.0999755859375	Response	4	1361161
1368.761680588235	0.0999755859375	Fixation	1	1367957
1369.0618570588235	0.0999755859375	ISI Onset	3	1368257
1369.6141817647058	0.10009765625	Go Cue	2	1368809
1370.502704117647	0.0999755859375	Response	4	1369697
1377.2036435294117	0.0999755859375	Fixation	1	1376394
1377.6038788235294	0.0999755859375	ISI Onset	3	1376794
1378.2892817647057	0.0999755859375	Go Cue	2	1377479
1378.9866917647057	0.0999755859375	Response	4	1378176
1385.913764117647	0.0999755859375	Fixation	1	1385099
1386.414058235294	0.0999755859375	ISI Onset	3	1385599
1386.665205882353	0.10009765625	Go Cue	2	1385850
1387.4266535294116	0.0999755859375	Response	4	1386611
1394.255668235294	0.10009765625	Fixation	1	1393436
1394.5558447058822	0.10009765625	ISI Onset	3	1393736
1395.2402470588233	0.0999755859375	Go Cue	2	1394420
1395.9576688235293	0.0999755859375	Response	4	1395137
1402.83171	0.10009765625	Fixation	1	1402007
1403.2319452941176	0.0999755859375	ISI Onset	3	1402407
1403.9163476470587	0.0999755859375	Go Cue	2	1403091
1404.6547817647058	0.0999755859375	Response	4	1403829
1411.507810588235	0.0999755859375	Fixation	1	1410678
1411.8079870588235	0.0999755859375	ISI Onset	3	1410978
1412.2972747058823	0.0999755859375	Go Cue	2	1411467
1412.946656470588	0.0999755859375	Response	4	1412116
1419.8837347058823	0.0999755859375	Fixation	1	1419049
1420.3840288235292	0.0999755859375	ISI Onset	3	1419549
1420.9673717647058	0.0999755859375	Go Cue	2	1420132
1421.8258764705881	0.0999755859375	Response	4	1420990
1428.5598352941176	0.0999755859375	Fixation	1	1427720
1428.960070588235	0.0999755859375	ISI Onset	3	1428120
1429.4453558823527	0.10009765625	Go Cue	2	1428605
1430.6390576470587	0.0999755859375	Response	4	1429798
1437.035818235294	0.10009765625	Fixation	1	1436191
1437.4360535294115	0.0999755859375	ISI Onset	3	1436591
1437.82128	0.0999755859375	Go Cue	2	1436976
1438.8238694117647	0.0999755859375	Response	4	1437978
1445.411742352941	0.0999755859375	Fixation	1	1444562
1446.112154117647	0.0999755859375	ISI Onset	3	1445262
1446.5964388235293	0.0999755859375	Go Cue	2	1445746
1447.2638311764704	0.10009765625	Response	4	1446413
1454.1879017647057	0.0999755859375	Fixation	1	1453333
1454.5881370588233	0.0999755859375	ISI Onset	3	1453733
1454.9733635294117	0.0999755859375	Go Cue	2	1454118
1455.6297494117646	0.0999755859375	Response	4	1454774
1462.5638258823528	0.0999755859375	Fixation	1	1461704
1463.2642376470587	0.0999755859375	ISI Onset	3	1462404
1463.7505235294116	0.0999755859375	Go Cue	2	1462890
1464.6470505882353	0.0999755859375	Response	4	1463786
1471.3569952941175	0.0999755859375	Fixation	1	1470492
1472.0574070588234	0.0999755859375	ISI Onset	3	1471192
1472.6267417647057	0.0999755859375	Go Cue	2	1471761
1473.2120858823528	0.10009765625	Response	4	1472346
1480.2332135294116	0.10009765625	Fixation	1	1479363
1480.9336252941175	0.0999755859375	ISI Onset	3	1480063
1481.4029011764706	0.0999755859375	Go Cue	2	1480532
1482.0943076470587	0.0999755859375	Response	4	1481223
1489.0093729411763	0.0999755859375	Fixation	1	1488134
1489.609725882353	0.0999755859375	ISI Onset	3	1488734
1489.9799435294117	0.0999755859375	Go Cue	2	1489104
1490.7103729411763	0.10009765625	Response	4	1489834
1497.5854147058822	0.0999755859375	Fixation	1	1496705
1498.1857676470588	0.0999755859375	ISI Onset	3	1497305
1498.4549258823529	0.0999755859375	Go Cue	2	1497574
1499.404484117647	0.0999755859375	Response	4	1498523
1506.0613976470588	0.0999755859375	Fixation	1	1505176
1506.4616329411763	0.0999755859375	ISI Onset	3	1505576
1506.7317917647058	0.0999755859375	Go Cue	2	1505846
1507.8944752941175	0.0999755859375	Response	4	1507008
1514.3372629411763	0.0999755859375	Fixation	1	1513447
1514.737498235294	0.0999755859375	ISI Onset	3	1513847
1515.2087752941175	0.0999755859375	Go Cue	2	1514318
1516.1853494117645	0.10009765625	Response	4	1515294
1522.813245882353	0.0999755859375	Fixation	1	1521918
1523.3135399999999	0.0999755859375	ISI Onset	3	1522418
1523.7808147058822	0.10009765625	Go Cue	2	1522885
1524.3811676470586	0.0999755859375	Response	4	1523485
1531.3892876470586	0.0999755859375	Fixation	1	1530489
1531.7895229411763	0.0999755859375	ISI Onset	3	1530889
1532.0576805882351	0.0999755859375	Go Cue	2	1531157
1532.8301347058823	0.10009765625	Response	4	1531929
1539.6651529411763	0.0999755859375	Fixation	1	1538760
1540.065388235294	0.0999755859375	ISI Onset	3	1539160
1540.5336635294116	0.0999755859375	Go Cue	2	1539628
1541.2881070588235	0.0999755859375	Response	4	1540382
1548.1411358823527	0.0999755859375	Fixation	1	1547231
1548.5413711764704	0.0999755859375	ISI Onset	3	1547631
1548.8095288235293	0.0999755859375	Go Cue	2	1547899
1549.642018235294	0.10009765625	Response	4	1548731
1556.4170011764704	0.0999755859375	Fixation	1	1555502
1556.817236470588	0.0999755859375	ISI Onset	3	1555902
1557.085394117647	0.0999755859375	Go Cue	2	1556170
1558.041956470588	0.0999755859375	Response	4	1557126
1564.708875882353	0.0999755859375	Fixation	1	1563789
1565.3092288235293	0.0999755859375	ISI Onset	3	1564389
1565.662436470588	0.0999755859375	Go Cue	2	1564742
1566.5339488235293	0.0999755859375	Response	4	1565613
1573.268908235294	0.0999755859375	Fixation	1	1572344
1573.5690847058822	0.0999755859375	ISI Onset	3	1572644
1574.2374776470588	0.10009765625	Go Cue	2	1573312
1574.8758529411764	0.0999755859375	Response	4	1573950
1581.84495	0.0999755859375	Fixation	1	1580915
1582.3452441176469	0.0999755859375	ISI Onset	3	1581415
1582.8155205882351	0.0999755859375	Go Cue	2	1581885
1583.6480099999999	0.10009765625	Response	4	1582717
1590.4540111764704	0.0999755859375	Fixation	1	1589519
1590.9543052941176	0.0999755859375	ISI Onset	3	1590019
1591.5896788235293	0.0999755859375	Go Cue	2	1590654
1592.1940341176469	0.0999755859375	Response	4	1591258
1599.1971511764705	0.0999755859375	Fixation	1	1598257
1599.5973864705882	0.0999755859375	ISI Onset	3	1598657
1600.2677805882352	0.0999755859375	Go Cue	2	1599327
1600.9992105882352	0.0999755859375	Response	4	1600058
1607.8732517647059	0.0999755859375	Fixation	1	1606928
1608.5736635294115	0.10009765625	ISI Onset	3	1607628
1609.0429394117646	0.0999755859375	Go Cue	2	1608097
1609.7503552941175	0.0999755859375	Response	4	1608804
1616.6494111764705	0.0999755859375	Fixation	1	1615699
1617.0496464705882	0.0999755859375	ISI Onset	3	1616099
1617.71904	0.10009765625	Go Cue	2	1616768
1618.3123888235293	0.0999755859375	Response	4	1617361
1625.3255117647057	0.0999755859375	Fixation	1	1624370
1625.625688235294	0.0999755859375	ISI Onset	3	1624670
1625.8948464705882	0.0999755859375	Go Cue	2	1624939
1626.6392841176469	0.0999755859375	Response	4	1625683
1633.501318235294	0.0999755859375	Fixation	1	1632541
1634.1016711764705	0.0999755859375	ISI Onset	3	1633141
1634.569946470588	0.0999755859375	Go Cue	2	1633609
1635.8857199999998	0.0999755859375	Response	4	1634924
1642.1944288235293	0.0999755859375	Fixation	1	1641229
1642.7947817647057	0.0999755859375	ISI Onset	3	1641829
1643.2470476470587	0.0999755859375	Go Cue	2	1642281
1644.1906023529411	0.10009765625	Response	4	1643224
1671.409604117647	0.10009765625	Fixation	1	1670427
1672.0099570588234	0.0999755859375	ISI Onset	3	1671027
1672.3461547058823	0.0999755859375	Go Cue	2	1671363
1675.669108235294	0.10009765625	Response	4	1674684
1679.9186064705882	0.0999755859375	Fixation	1	1678931
1680.6190182352939	0.0999755859375	ISI Onset	3	1679631
1680.9211958823528	0.10009765625	Go Cue	2	1679933
1681.9067752941176	0.10009765625	Response	4	1680918
1688.4946482352939	0.0999755859375	Fixation	1	1687502
1688.994942352941	0.0999755859375	ISI Onset	3	1688002
1689.3971788235292	0.0999755859375	Go Cue	2	1688404
1690.1706335294116	0.0999755859375	Response	4	1689177
1696.9706311764705	0.10009765625	Fixation	1	1695973
1697.4709252941175	0.0999755859375	ISI Onset	3	1696473
1697.9742211764706	0.0999755859375	Go Cue	2	1696976
1698.9307835294117	0.0999755859375	Response	4	1697932
1705.5466729411764	0.10009765625	Fixation	1	1704544
1705.946908235294	0.0999755859375	ISI Onset	3	1704944
1706.447202352941	0.10009765625	Go Cue	2	1705444
1707.385754117647	0.0999755859375	Response	4	1706382
1714.0226558823529	0.0999755859375	Fixation	1	1713015
1714.322832352941	0.0999755859375	ISI Onset	3	1713315
1714.6260105882352	0.0999755859375	Go Cue	2	1713618
1715.4504952941174	0.10009765625	Response	4	1714442
1722.198462352941	0.0999755859375	Fixation	1	1721186
1722.7988152941175	0.0999755859375	ISI Onset	3	1721786
1723.2010517647057	0.0999755859375	Go Cue	2	1722188
1724.0685617647057	0.0999755859375	Response	4	1723055
1730.774504117647	0.0999755859375	Fixation	1	1729757
1731.0746805882352	0.0999755859375	ISI Onset	3	1730057
1731.3778588235293	0.10009765625	Go Cue	2	1730360
1732.292396470588	0.10009765625	Response	4	1731274
1738.9503105882352	0.0999755859375	Fixation	1	1737928
1739.650722352941	0.0999755859375	ISI Onset	3	1738628
1740.253076470588	0.0999755859375	Go Cue	2	1739230
1741.147602352941	0.0999755859375	Response	4	1740124
1747.8265288235293	0.0999755859375	Fixation	1	1746799
1748.5269405882352	0.0999755859375	ISI Onset	3	1747499
1748.9291770588234	0.0999755859375	Go Cue	2	1747901
1749.730648235294	0.10009765625	Response	4	1748702
1756.5026294117645	0.0999755859375	Fixation	1	1755470
1757.1029823529411	0.0999755859375	ISI Onset	3	1756070
1757.8043947058823	0.0999755859375	Go Cue	2	1756771
1758.7439470588233	0.10009765625	Response	4	1757710
1765.3788476470586	0.0999755859375	Fixation	1	1764341
1766.0792594117645	0.0999755859375	ISI Onset	3	1765041
1766.6806129411764	0.0999755859375	Go Cue	2	1765642
1767.5461217647057	0.0999755859375	Response	4	1766507
1774.2550658823527	0.10009765625	Fixation	1	1773212
1774.9554776470586	0.0999755859375	ISI Onset	3	1773912
1775.357714117647	0.10009765625	Go Cue	2	1774314
1776.4623635294117	0.0999755859375	Response	4	1775418
1782.931166470588	0.0999755859375	Fixation	1	1781883
1783.431460588235	0.0999755859375	ISI Onset	3	1782383
1784.0348152941176	0.0999755859375	Go Cue	2	1782986
1784.965362352941	0.0999755859375	Response	4	1783916
1791.6072670588235	0.0999755859375	Fixation	1	1790554
1792.007502352941	0.10009765625	ISI Onset	3	1790954
1792.4097388235293	0.0999755859375	Go Cue	2	1791356
1793.3262776470588	0.0999755859375	Response	4	1792272
1800.0002011764705	0.0999755859375	Fixation	1	1798942
1800.5004952941174	0.0999755859375	ISI Onset	3	1799442
1801.0007894117646	0.10009765625	Go Cue	2	1799942
1801.8692999999998	0.10009765625	Response	4	1800810
1808.5762429411764	0.0999755859375	Fixation	1	1807513
1808.8764194117646	0.0999755859375	ISI Onset	3	1807813
1809.2786558823527	0.0999755859375	Go Cue	2	1808215
1810.0671194117645	0.0999755859375	Response	4	1809003
1816.852108235294	0.10009765625	Fixation	1	1815784
1817.2523435294115	0.0999755859375	ISI Onset	3	1816184
1817.65458	0.10009765625	Go Cue	2	1816586
1818.50508	0.0999755859375	Response	4	1817436
1825.228032352941	0.0999755859375	Fixation	1	1824155
1825.928444117647	0.0999755859375	ISI Onset	3	1824855
1826.6288558823528	0.0999755859375	Go Cue	2	1825555
1827.4143176470586	0.0999755859375	Response	4	1826340
1834.2213194117646	0.0999755859375	Fixation	1	1833143
1834.821672352941	0.0999755859375	ISI Onset	3	1833743
1835.5060747058822	0.0999755859375	Go Cue	2	1834427
1836.2555152941175	0.0999755859375	Response	4	1835176
1843.0975376470587	0.0999755859375	Fixation	1	1842014
1843.6978905882352	0.0999755859375	ISI Onset	3	1842614
1844.2852358823527	0.0999755859375	Go Cue	2	1843201
1844.9736405882352	0.0999755859375	Response	4	1843889
1851.8566870588234	0.0999755859375	Fixation	1	1850768
1852.1568635294116	0.0999755859375	ISI Onset	3	1851068
1852.5591	0.0999755859375	Go Cue	2	1851470
1853.3055388235293	0.0999755859375	Response	4	1852216
1860.149562352941	0.0999755859375	Fixation	1	1859056
1860.849974117647	0.0999755859375	ISI Onset	3	1859756
1861.2341999999999	0.0999755859375	Go Cue	2	1860140
1862.0526811764705	0.0999755859375	Response	4	1860958
1868.8086529411764	0.10009765625	Fixation	1	1867710
1869.1088294117646	0.0999755859375	ISI Onset	3	1868010
1869.712184117647	0.0999755859375	Go Cue	2	1868613
1870.4055917647058	0.0999755859375	Response	4	1869306
1877.301645882353	0.0999755859375	Fixation	1	1876198
1877.9019988235293	0.0999755859375	ISI Onset	3	1876798
1878.1871664705882	0.0999755859375	Go Cue	2	1877083
1878.8885788235293	0.0999755859375	Response	4	1877784
1885.7776288235293	0.10009765625	Fixation	1	1884669
1886.177864117647	0.0999755859375	ISI Onset	3	1885069
1886.7632082352939	0.0999755859375	Go Cue	2	1885654
1887.810824117647	0.0999755859375	Response	4	1886701
1894.3536705882352	0.0999755859375	Fixation	1	1893240
1894.7539058823527	0.0999755859375	ISI Onset	3	1893640
1895.1401329411763	0.0999755859375	Go Cue	2	1894026
1896.1607329411763	0.0999755859375	Response	4	1895046
1902.7295947058822	0.0999755859375	Fixation	1	1901611
1903.430006470588	0.0999755859375	ISI Onset	3	1902311
1904.0163511764704	0.0999755859375	Go Cue	2	1902897
1904.7757976470587	0.10009765625	Response	4	1903656
1911.6058129411763	0.0999755859375	Fixation	1	1910482
1912.2061658823527	0.0999755859375	ISI Onset	3	1911082
1912.6924517647058	0.0999755859375	Go Cue	2	1911568
1913.4488964705881	0.10009765625	Response	4	1912324
1920.2819135294117	0.10009765625	Fixation	1	1919153
1920.6821488235294	0.0999755859375	ISI Onset	3	1919553
1921.3675517647057	0.0999755859375	Go Cue	2	1920238
1922.0439494117645	0.0999755859375	Response	4	1920914
1928.9580141176468	0.0999755859375	Fixation	1	1927824
1929.6584258823527	0.0999755859375	ISI Onset	3	1928524
1930.142710588235	0.0999755859375	Go Cue	2	1929008
1930.7710799999998	0.0999755859375	Response	4	1929636
1937.7341735294117	0.10009765625	Fixation	1	1936595
1938.4345852941176	0.0999755859375	ISI Onset	3	1937295
1939.02093	0.10009765625	Go Cue	2	1937881
1939.7673688235293	0.0999755859375	Response	4	1938627
1946.6103917647058	0.10009765625	Fixation	1	1945466
1947.3108035294117	0.0999755859375	ISI Onset	3	1946166
1947.9972070588233	0.0999755859375	Go Cue	2	1946852
1948.7386429411763	0.0999755859375	Response	4	1947593
1955.5866688235292	0.0999755859375	Fixation	1	1954437
1956.0869629411764	0.10009765625	ISI Onset	3	1954937
1956.47319	0.10009765625	Go Cue	2	1955323
1957.2096229411763	0.0999755859375	Response	4	1956059
1964.0626517647058	0.0999755859375	Fixation	1	1962908
1964.6630047058823	0.10009765625	ISI Onset	3	1963508
1964.9491729411764	0.0999755859375	Go Cue	2	1963794
1966.0348111764704	0.0999755859375	Response	4	1964879
1972.5386347058823	0.10009765625	Fixation	1	1971379
1973.2390464705882	0.0999755859375	ISI Onset	3	1972079
1973.6252735294115	0.0999755859375	Go Cue	2	1972465
1974.677892352941	0.0999755859375	Response	4	1973517
1981.2317452941174	0.10009765625	Fixation	1	1980067
1981.6319805882351	0.0999755859375	ISI Onset	3	1980467
1982.0031988235291	0.0999755859375	Go Cue	2	1980838
1982.7366299999999	0.10009765625	Response	4	1981571
1989.5906594117646	0.0999755859375	Fixation	1	1988421
1989.9908947058823	0.10009765625	ISI Onset	3	1988821
1990.2780635294116	0.0999755859375	Go Cue	2	1989108
1991.0104941176469	0.0999755859375	Response	4	1989840
1998.0166129411764	0.0999755859375	Fixation	1	1996842
1998.4168482352939	0.0999755859375	ISI Onset	3	1997242
1999.1022511764704	0.0999755859375	Go Cue	2	1997927
1999.8927158823528	0.0999755859375	Response	4	1998717
2006.6927135294115	0.0999755859375	Fixation	1	2005513
2007.1930076470587	0.0999755859375	ISI Onset	3	2006013
2007.779352352941	0.10009765625	Go Cue	2	2006599
2008.473760588235	0.0999755859375	Response	4	2007293
2015.368814117647	0.10009765625	Fixation	1	2014184
2015.7690494117646	0.0999755859375	ISI Onset	3	2014584
2016.155276470588	0.0999755859375	Go Cue	2	2014970
2016.9117211764703	0.0999755859375	Response	4	2015726
2023.7447382352939	0.0999755859375	Fixation	1	2022555
2024.3450911764705	0.0999755859375	ISI Onset	3	2023155
2024.7293170588234	0.0999755859375	Go Cue	2	2023539
2025.905008235294	0.0999755859375	Response	4	2024714
2032.3377899999998	0.0999755859375	Fixation	1	2031143
2032.838084117647	0.0999755859375	ISI Onset	3	2031643
2033.107242352941	0.0999755859375	Go Cue	2	2031912
2034.0047699999998	0.0999755859375	Response	4	2032809
2040.713714117647	0.0999755859375	Fixation	1	2039514
2041.0138905882352	0.0999755859375	ISI Onset	3	2039814
2041.2810476470586	0.10009765625	Go Cue	2	2040081
2042.268628235294	0.0999755859375	Response	4	2041068
2048.872510588235	0.099853515625	Fixation	1	2047668
2049.472863529412	0.099853515625	ISI Onset	3	2048268
2049.9591494117644	0.099853515625	Go Cue	2	2048754
2050.6935811764706	0.10009765625	Response	4	2049488
2057.5656211764704	0.099853515625	Fixation	1	2056356
2058.165974117647	0.099853515625	ISI Onset	3	2056956
2058.751318235294	0.10009765625	Go Cue	2	2057541
2059.510764705882	0.10009765625	Response	4	2058300
2066.358790588235	0.099853515625	Fixation	1	2065144
2066.859084705882	0.099853515625	ISI Onset	3	2065644
2067.2453117647055	0.099853515625	Go Cue	2	2066030
2067.9287135294117	0.10009765625	Response	4	2066713
2074.8677929411765	0.10009765625	Fixation	1	2073648
2075.568204705882	0.10009765625	ISI Onset	3	2074348
2075.9374217647055	0.099853515625	Go Cue	2	2074717
2076.6588458823526	0.099853515625	Response	4	2075438
2083.5609035294115	0.10009765625	Fixation	1	2082336
2084.0611976470586	0.099853515625	ISI Onset	3	2082836
2084.3123452941177	0.10009765625	Go Cue	2	2083087
2084.981738823529	0.10009765625	Response	4	2083756
2091.9368276470586	0.10009765625	Fixation	1	2090707
2092.6372394117648	0.10009765625	ISI Onset	3	2091407
2093.3086341176468	0.10009765625	Go Cue	2	2092078
2094.0860911764703	0.099853515625	Response	4	2092855
2100.929114117647	0.099853515625	Fixation	1	2099694
2101.429408235294	0.099853515625	ISI Onset	3	2100194
2101.698566470588	0.10009765625	Go Cue	2	2100463
2102.3669594117646	0.10009765625	Response	4	2101131
2109.305038235294	0.10009765625	Fixation	1	2108065
2109.9053911764704	0.10009765625	ISI Onset	3	2108665
2110.3746670588234	0.099853515625	Go Cue	2	2109134
2111.204154705882	0.10009765625	Response	4	2109963
2117.9981488235294	0.10009765625	Fixation	1	2116753
2118.2983252941176	0.10009765625	ISI Onset	3	2117053
2118.7505911764706	0.10009765625	Go Cue	2	2117505
2119.408978235294	0.10009765625	Response	4	2118163
2126.357062941176	0.099853515625	Fixation	1	2125107
2126.757298235294	0.099853515625	ISI Onset	3	2125507
2127.1435252941174	0.099853515625	Go Cue	2	2125893
2127.787904117647	0.10009765625	Response	4	2126537
2134.9501147058822	0.099853515625	Fixation	1	2133695
2135.2502911764705	0.10009765625	ISI Onset	3	2133995
2135.619508235294	0.099853515625	Go Cue	2	2134364
2136.382957058823	0.099853515625	Response	4	2135127
2143.2589994117648	0.099853515625	Fixation	1	2141999
2143.559175882353	0.10009765625	ISI Onset	3	2142299
2144.0134429411764	0.10009765625	Go Cue	2	2142753
2144.9760088235294	0.099853515625	Response	4	2143715
2151.6179135294115	0.10009765625	Fixation	1	2150353
2152.1182076470586	0.10009765625	ISI Onset	3	2150853
2152.586482941176	0.10009765625	Go Cue	2	2151321
2153.1778305882353	0.10009765625	Response	4	2151912
2160.1939552941176	0.10009765625	Fixation	1	2158924
2160.594190588235	0.099853515625	ISI Onset	3	2159324
2160.862348235294	0.10009765625	Go Cue	2	2159592
2161.7438664705883	0.099853515625	Response	4	2160473
2168.469820588235	0.10009765625	Fixation	1	2167195
2169.0701735294115	0.10009765625	ISI Onset	3	2167795
2169.340332352941	0.10009765625	Go Cue	2	2168065
2170.187830588235	0.10009765625	Response	4	2168912
2176.9458035294115	0.10009765625	Fixation	1	2175666
2177.4460976470587	0.10009765625	ISI Onset	3	2176166
2177.7152558823527	0.099853515625	Go Cue	2	2176435
2178.5267329411763	0.10009765625	Response	4	2177246
2185.3217276470587	0.099853515625	Fixation	1	2184037
2186.0221394117643	0.099853515625	ISI Onset	3	2184737
2186.2902970588234	0.10009765625	Go Cue	2	2185005
2187.3269064705883	0.10009765625	Response	4	2186041
2193.8977694117643	0.10009765625	Fixation	1	2192608
2194.5981811764705	0.10009765625	ISI Onset	3	2193308
2194.8673394117645	0.099853515625	Go Cue	2	2193577
2196.0470329411764	0.099853515625	Response	4	2194756
2202.4738111764705	0.099853515625	Fixation	1	2201179
2202.874046470588	0.10009765625	ISI Onset	3	2201579
2203.54344	0.10009765625	Go Cue	2	2202248
2204.318895882353	0.10009765625	Response	4	2203023
2211.149911764706	0.10009765625	Fixation	1	2209850
2211.450088235294	0.099853515625	ISI Onset	3	2210150
2211.719246470588	0.10009765625	Go Cue	2	2210419
2212.4456735294116	0.10009765625	Response	4	2211145
2219.325718235294	0.10009765625	Fixation	1	2218021
2219.7259535294115	0.099853515625	ISI Onset	3	2218421
2220.2932870588234	0.10009765625	Go Cue	2	2218988
2221.2288370588235	0.10009765625	Response	4	2219923
2227.9017599999997	0.099853515625	Fixation	1	2226592
2228.602171764706	0.10009765625	ISI Onset	3	2227292
2228.971388823529	0.099853515625	Go Cue	2	2227661
2229.643784117647	0.10009765625	Response	4	2228333
2236.594870588235	0.099853515625	Fixation	1	2235280
2236.8950470588234	0.10009765625	ISI Onset	3	2235580
2237.345311764706	0.10009765625	Go Cue	2	2236030
2238.0627335294116	0.10009765625	Response	4	2236747
2244.9537847058823	0.099853515625	Fixation	1	2243634
2245.454078823529	0.10009765625	ISI Onset	3	2244134
2246.0244141176468	0.10009765625	Go Cue	2	2244704
2246.8088752941176	0.10009765625	Response	4	2245488
2253.6468952941173	0.099853515625	Fixation	1	2252322
2254.247248235294	0.099853515625	ISI Onset	3	2252922
2254.717524705882	0.10009765625	Go Cue	2	2253392
2255.5219976470585	0.10009765625	Response	4	2254196
2262.3229958823526	0.10009765625	Fixation	1	2260993
2262.7232311764706	0.10009765625	ISI Onset	3	2261393
2263.392624705882	0.10009765625	Go Cue	2	2262062
2264.1450670588233	0.10009765625	Response	4	2262814